country,1990,1991,1992,1993,1994,1995,1996,1997,1998,1999,2000,2001,2002,2003,2004,2005,2006,2007,2008,2009,2010,2011,2012,2013,2014,2015,2016,2017,2018,2019,2020,2021,2022
Aruba,      4,      4,      4,      4,      4,      4,      4,      4,      4,      4,      4,      4,      4,      4,      4,      4,      4,      4,      4,      4,      4,      4,      4,      4,      4,      4,      4,      4,      4,      4,      4,      4,      4
Afghanistan,  12100,  12100,  12100,  12100,  12100,  12100,  12100,  12100,  12100,  12100,  12100,  12100,  12100,  12100,  12100,  12100,  12100,  12100,  12100,  12100,  12100,  12100,  12100,  12100,  12100,  12100,  12100,  12100,  12100,  12100,  12100,  12100,  12100
Angola, 793000, 791000, 790000, 788000, 786000, 785000, 783000, 782000, 780000, 779000, 777000, 772000, 766000, 760000, 755000, 749000, 744000, 738000, 733000, 727000, 722000, 716000, 710000, 705000, 699000, 694000, 688000, 683000, 677000, 672000, 666000, 661000, 655000
Albania,   7890,   7870,   7850,   7830,   7810,   7790,   7770,   7750,   7730,   7710,   7690,   7710,   7720,   7730,   7740,   7760,   7770,   7780,   7800,   7810,   7820,   7830,   7850,   7860,   7880,   7890,   7890,   7890,   7890,   7890,   7890,   7890,   7890
Andorra,    160,    160,    160,    160,    160,    160,    160,    160,    160,    160,    160,    160,    160,    160,    160,    160,    160,    160,    160,    160,    160,    160,    160,    160,    160,    160,    160,    160,    160,    160,    160,    160,    160
UAE,   2450,   2510,   2580,   2640,   2710,   2770,   2840,   2900,   2970,   3030,   3090,   3100,   3110,   3120,   3130,   3130,   3140,   3150,   3160,   3170,   3170,   3170,   3170,   3170,   3170,   3170,   3170,   3170,   3170,   3170,   3170,   3170,   3170
Argentina, 352000, 350000, 348000, 347000, 345000, 343000, 341000, 339000, 337000, 336000, 334000, 331000, 327000, 324000, 321000, 318000, 315000, 312000, 308000, 305000, 302000, 300000, 298000, 295000, 293000, 291000, 290000, 289000, 288000, 287000, 286000, 285000, 284000
Armenia,     NA,     NA,   3340,   3340,   3340,   3340,   3330,   3330,   3330,   3330,   3330,   3320,   3320,   3320,   3320,   3320,   3310,   3310,   3310,   3310,   3310,   3300,   3300,   3300,   3300,   3300,   3290,   3290,   3290,   3290,   3280,   3280,   3280
American Samoa,    181,    180,    180,    180,    179,    179,    179,    178,    178,    178,    177,    177,    177,    176,    176,    176,    176,    175,    175,    175,    174,    174,    174,    173,    173,    173,    173,    172,    172,    172,    171,    171,    171
Antigua and Barbuda,    101,    100,    100,     99,     98,     98,     97,     96,     96,     95,     94,     94,     93,     92,     92,     91,     90,     90,     89,     88,     88,     87,     86,     86,     85,     84,     84,     83,     82,     82,     81,     80,     80
Australia,1340000,1340000,1330000,1330000,1330000,1330000,1330000,1320000,1320000,1320000,1320000,1320000,1310000,1310000,1310000,1310000,1300000,1300000,1300000,1300000,1300000,1300000,1310000,1320000,1320000,1330000,1340000,1340000,1340000,1340000,1340000,1340000,1340000
Austria,  37800,  37800,  37900,  37900,  38000,  38100,  38100,  38200,  38300,  38300,  38400,  38400,  38400,  38500,  38500,  38500,  38500,  38600,  38600,  38600,  38600,  38700,  38700,  38700,  38800,  38800,  38800,  38900,  38900,  38900,  38900,  38900,  39000
Azerbaijan,     NA,     NA,   9530,   9570,   9620,   9660,   9700,   9740,   9790,   9830,   9870,   9920,   9960,  10000,  10100,  10100,  10100,  10200,  10200,  10300,  10300,  10400,  10500,  10600,  10700,  10800,  10900,  11000,  11100,  11200,  11300,  11400,  11500
Burundi,   2760,   2680,   2600,   2520,   2430,   2350,   2270,   2190,   2100,   2020,   1940,   1940,   1940,   1940,   1940,   1940,   1940,   1940,   1940,   1940,   1940,   2110,   2280,   2450,   2630,   2800,   2800,   2800,   2800,   2800,   2800,   2800,   2800
Belgium,     NA,     NA,     NA,     NA,     NA,     NA,     NA,     NA,     NA,     NA,   6670,   6700,   6720,   6740,   6760,   6790,   6810,   6830,   6850,   6880,   6900,   6900,   6900,   6900,   6890,   6890,   6890,   6890,   6890,   6890,   6890,   6890,   6890
Benin,  48400,  47700,  47000,  46300,  45600,  44900,  44200,  43500,  42800,  42100,  41400,  40900,  40400,  39900,  39400,  38900,  38400,  37900,  37400,  36900,  36400,  35900,  35400,  34900,  34400,  33900,  33400,  32900,  32400,  31900,  31400,  30900,  30400
Burkina Faso,  77200,  76700,  76200,  75700,  75200,  74700,  74200,  73700,  73200,  72700,  72200,  71700,  71200,  70700,  70200,  69700,  69200,  68700,  68200,  67700,  67200,  66700,  66200,  65700,  65200,  64700,  64200,  63700,  63200,  62700,  62200,  61700,  61200
Bangladesh,  19200,  19200,  19200,  19200,  19200,  19200,  19200,  19200,  19200,  19200,  19200,  19200,  19100,  19100,  19100,  19000,  19000,  19000,  18900,  18900,  18900,  18900,  18900,  18900,  18800,  18800,  18800,  18800,  18800,  18800,  18800,  18800,  18800
Bulgaria,  33300,  33300,  33400,  33400,  33500,  33500,  33600,  33600,  33700,  33700,  33800,  34100,  34500,  34800,  35200,  35600,  35900,  36300,  36600,  37000,  37400,  37600,  37800,  37900,  38100,  38300,  38400,  38500,  38700,  38800,  38900,  39100,  39200
Bahrain,      2,      2,      2,      3,      3,      3,      3,      3,      3,      4,      4,      4,      4,      4,      4,      4,      5,      5,      5,      5,      5,      5,      6,      6,      6,      6,      6,      6,      7,      7,      7,      7,      7
Bahamas,   5100,   5100,   5100,   5100,   5100,   5100,   5100,   5100,   5100,   5100,   5100,   5100,   5100,   5100,   5100,   5100,   5100,   5100,   5100,   5100,   5100,   5100,   5100,   5100,   5100,   5100,   5100,   5100,   5100,   5100,   5100,   5100,   5100
Bosnia and Herzegovina,     NA,     NA,  21900,  21800,  21700,  21600,  21500,  21400,  21300,  21200,  21100,  21100,  21100,  21100,  21100,  21100,  21100,  21100,  21000,  21000,  21000,  21100,  21300,  21400,  21500,  21600,  21800,  21900,  21900,  21900,  21900,  21900,  21900
Belarus,     NA,     NA,  78800,  79300,  79800,  80300,  80800,  81300,  81700,  82200,  82700,  83100,  83400,  83800,  84200,  84500,  84900,  85200,  85600,  85900,  86300,  86300,  86300,  86300,  86300,  86300,  87100,  87200,  87400,  87500,  87700,  87800,  88000
Belize,  16000,  15900,  15700,  15600,  15400,  15300,  15200,  15000,  14900,  14700,  14600,  14500,  14500,  14400,  14300,  14300,  14200,  14100,  14000,  14000,  13900,  13800,  13700,  13600,  13400,  13300,  13200,  13100,  13000,  12900,  12800,  12700,  12500
Bermuda,     10,     10,     10,     10,     10,     10,     10,     10,     10,     10,     10,     10,     10,     10,     10,     10,     10,     10,     10,     10,     10,     10,     10,     10,     10,     10,     10,     10,     10,     10,     10,     10,     10
Bolivia, 578000, 575000, 573000, 570000, 567000, 565000, 562000, 559000, 556000, 554000, 551000, 549000, 547000, 545000, 543000, 541000, 539000, 537000, 535000, 533000, 531000, 529000, 527000, 525000, 522000, 520000, 518000, 515000, 513000, 510000, 508000, 506000, 504000
Brazil,5890000,5850000,5810000,5780000,5740000,5700000,5660000,5620000,5590000,5550000,5510000,5470000,5430000,5390000,5350000,5310000,5270000,5230000,5190000,5160000,5120000,5100000,5090000,5070000,5050000,5040000,5020000,5000000,4990000,4980000,4970000,4950000,4940000
Barbados,     63,     63,     63,     63,     63,     63,     63,     63,     63,     63,     63,     63,     63,     63,     63,     63,     63,     63,     63,     63,     63,     63,     63,     63,     63,     63,     63,     63,     63,     63,     63,     63,     63
Brunei,   4130,   4110,   4100,   4080,   4070,   4050,   4030,   4020,   4000,   3990,   3970,   3950,   3940,   3920,   3900,   3890,   3870,   3850,   3830,   3820,   3800,   3800,   3800,   3800,   3800,   3800,   3800,   3800,   3800,   3800,   3800,   3800,   3800
Bhutan,  25100,  25200,  25300,  25400,  25500,  25600,  25700,  25800,  25900,  26000,  26100,  26200,  26300,  26400,  26500,  26600,  26700,  26800,  26900,  27000,  27100,  27100,  27100,  27100,  27100,  27200,  27200,  27200,  27200,  27200,  27300,  27300,  27300
Botswana, 188000, 187000, 186000, 184000, 183000, 182000, 181000, 180000, 179000, 177000, 176000, 175000, 174000, 173000, 171000, 170000, 169000, 168000, 167000, 166000, 164000, 163000, 162000, 161000, 160000, 158000, 157000, 156000, 155000, 154000, 153000, 151000, 150000
Central African Republic, 232000, 232000, 231000, 231000, 231000, 231000, 230000, 230000, 230000, 229000, 229000, 229000, 228000, 228000, 228000, 228000, 227000, 227000, 227000, 226000, 226000, 226000, 225000, 225000, 225000, 225000, 224000, 224000, 224000, 223000, 223000, 223000, 222000
Canada,3480000,3480000,3480000,3480000,3480000,3480000,3480000,3480000,3480000,3480000,3480000,3480000,3480000,3480000,3480000,3480000,3480000,3470000,3470000,3470000,3470000,3470000,3470000,3470000,3470000,3470000,3470000,3470000,3470000,3470000,3470000,3470000,3470000
Channel Islands,      8,      8,      8,      8,      8,      8,      8,      8,      8,      8,      8,      8,      9,      9,      9,      9,      9,     10,     10,     10,     10,     10,     10,     10,     10,     10,     10,     10,     10,     10,     10,     10,     NA
Switzerland,  11500,  11600,  11600,  11700,  11700,  11700,  11800,  11800,  11900,  11900,  12000,  12000,  12000,  12100,  12100,  12200,  12200,  12200,  12300,  12300,  12300,  12400,  12400,  12500,  12500,  12500,  12600,  12600,  12600,  12700,  12700,  12700,  12800
Chile, 152000, 153000, 154000, 154000, 155000, 155000, 156000, 156000, 157000, 158000, 158000, 159000, 160000, 161000, 162000, 163000, 164000, 165000, 165000, 166000, 167000, 169000, 171000, 172000, 174000, 176000, 177000, 178000, 180000, 181000, 182000, 183000, 185000
China,1570000,1590000,1610000,1630000,1650000,1670000,1690000,1710000,1730000,1750000,1770000,1790000,1820000,1840000,1860000,1890000,1910000,1940000,1960000,1980000,2010000,2030000,2040000,2060000,2080000,2100000,2120000,2140000,2160000,2180000,2200000,2220000,2240000
Cote d'Ivoire,  78500,  75800,  73000,  70200,  67500,  64700,  62000,  59200,  56500,  53700,  50900,  49800,  48700,  47600,  46400,  45300,  44200,  43000,  41900,  40800,  39700,  38500,  37400,  36300,  35100,  34000,  32900,  31800,  30600,  29500,  28400,  27200,  26100
Cameroon, 225000, 224000, 223000, 222000, 221000, 220000, 220000, 219000, 218000, 217000, 216000, 215000, 215000, 214000, 213000, 212000, 212000, 211000, 210000, 210000, 209000, 208000, 208000, 207000, 207000, 206000, 206000, 205000, 205000, 204000, 203000, 203000, 202000
"Congo, Dem. Rep.",1510000,1500000,1490000,1490000,1480000,1470000,1470000,1460000,1450000,1450000,1440000,1430000,1430000,1420000,1410000,1410000,1400000,1390000,1390000,1380000,1370000,1360000,1350000,1340000,1330000,1320000,1310000,1290000,1280000,1270000,1260000,1250000,1240000
"Congo, Rep.", 223000, 223000, 223000, 223000, 223000, 223000, 222000, 222000, 222000, 222000, 222000, 222000, 222000, 222000, 221000, 221000, 221000, 221000, 221000, 221000, 221000, 221000, 221000, 220000, 220000, 220000, 220000, 220000, 220000, 220000, 219000, 219000, 219000
Colombia, 650000, 647000, 645000, 643000, 641000, 638000, 636000, 634000, 632000, 630000, 627000, 625000, 623000, 622000, 620000, 618000, 616000, 614000, 612000, 610000, 608000, 607000, 605000, 604000, 603000, 601000, 600000, 597000, 595000, 593000, 591000, 589000, 587000
Comoros,    461,    456,    452,    447,    443,    439,    434,    430,    426,    421,    417,    412,    408,    404,    399,    395,    391,    386,    382,    377,    373,    369,    364,    360,    355,    351,    347,    342,    338,    334,    329,    325,    320
Cape Verde,    154,    178,    202,    227,    251,    276,    300,    324,    349,    373,    397,    400,    403,    406,    409,    412,    415,    418,    421,    424,    427,    430,    433,    436,    439,    442,    445,    448,    451,    454,    457,    460,    463
Costa Rica,  29100,  29000,  29000,  28900,  28900,  28800,  28800,  28700,  28700,  28600,  28600,  28600,  28600,  28600,  28600,  28600,  28700,  28700,  28700,  28700,  28700,  28900,  29000,  29200,  29400,  29500,  29700,  29900,  30000,  30200,  30300,  30500,  30700
Cuba,  20600,  21000,  21300,  21700,  22100,  22500,  22800,  23200,  23600,  24000,  24400,  24800,  25300,  25800,  26300,  26800,  27300,  27800,  28300,  28800,  29300,  29800,  30300,  30800,  31300,  31800,  32400,  32400,  32400,  32400,  32400,  32400,  32400
Cayman Islands,    131,    131,    131,    131,    131,    130,    130,    130,    130,    130,    129,    129,    129,    129,    128,    128,    128,    128,    128,    127,    127,    127,    127,    127,    127,    127,    127,    127,    128,    127,    127,    127,    126
Cyprus,   1610,   1620,   1630,   1640,   1650,   1660,   1670,   1680,   1700,   1710,   1720,   1720,   1720,   1720,   1720,   1720,   1720,   1720,   1730,   1730,   1730,   1730,   1730,   1730,   1730,   1730,   1730,   1730,   1730,   1730,   1730,   1730,   1720
Czech Republic,     NA,     NA,     NA,  26300,  26300,  26300,  26300,  26300,  26400,  26400,  26400,  26400,  26400,  26400,  26500,  26500,  26500,  26500,  26500,  26600,  26600,  26600,  26600,  26600,  26700,  26700,  26700,  26700,  26700,  26800,  26800,  26800,  26800
Germany, 113000, 113000, 113000, 113000, 113000, 113000, 113000, 113000, 113000, 113000, 114000, 114000, 114000, 114000, 114000, 114000, 114000, 114000, 114000, 114000, 114000, 114000, 114000, 114000, 114000, 114000, 114000, 114000, 114000, 114000, 114000, 114000, 114000
Djibouti,     56,     56,     56,     56,     56,     56,     56,     56,     56,     56,     56,     56,     56,     56,     56,     56,     56,     56,     56,     56,     56,     56,     56,     56,     56,     56,     56,     56,     56,     57,     58,     59,     60
Dominica,    503,    501,    498,    496,    493,    491,    488,    486,    484,    481,    479,    479,    479,    479,    479,    479,    479,    479,    479,    479,    479,    479,    479,    479,    479,    479,    479,    479,    479,    479,    479,    479,    479
Denmark,   5310,   5350,   5390,   5430,   5480,   5520,   5560,   5600,   5640,   5680,   5720,   5730,   5750,   5760,   5780,   5790,   5810,   5820,   5840,   5850,   5860,   5940,   6020,   6090,   6170,   6250,   6250,   6260,   6270,   6280,   6280,   6290,   6300
Dominican Republic,  15900,  16300,  16700,  17100,  17500,  17800,  18200,  18600,  19000,  19300,  19700,  19800,  19900,  20000,  20100,  20200,  20300,  20400,  20500,  20600,  20700,  20800,  20900,  20900,  21000,  21000,  21100,  21200,  21300,  21400,  21400,  21500,  21600
Algeria,  16700,  16600,  16500,  16400,  16300,  16200,  16100,  16100,  16000,  15900,  15800,  16100,  16500,  16800,  17100,  17500,  17800,  18200,  18500,  18800,  19200,  19300,  19300,  19400,  19500,  19600,  19600,  19400,  19300,  19400,  19500,  19600,  19700
Ecuador, 146000, 145000, 145000, 144000, 143000, 142000, 141000, 140000, 139000, 138000, 137000, 137000, 136000, 135000, 134000, 134000, 133000, 132000, 132000, 131000, 130000, 130000, 129000, 129000, 129000, 128000, 128000, 127000, 126000, 126000, 125000, 124000, 124000
Egypt,    438,    454,    469,    484,    500,    515,    531,    546,    561,    577,    592,    599,    605,    611,    618,    624,    631,    637,    644,    650,    656,    622,    588,    553,    519,    484,    450,    450,    450,    450,    450,    450,    450
Eritrea,     NA,     NA,     NA,  11400,  11400,  11300,  11300,  11300,  11200,  11200,  11200,  11200,  11100,  11100,  11100,  11000,  11000,  11000,  10900,  10900,  10900,  10800,  10800,  10800,  10700,  10700,  10700,  10600,  10600,  10600,  10600,  10500,  10500
Spain, 139000, 142000, 145000, 149000, 152000, 155000, 158000, 161000, 165000, 168000, 171000, 172000, 174000, 175000, 177000, 178000, 180000, 181000, 183000, 184000, 185000, 185000, 185000, 185000, 186000, 186000, 186000, 186000, 186000, 186000, 186000, 186000, 186000
Estonia,     NA,     NA,  22100,  22200,  22200,  22200,  22300,  22300,  22300,  22400,  22400,  22500,  22600,  22700,  22800,  22900,  23000,  23100,  23200,  23300,  23400,  23500,  23700,  23900,  24000,  24200,  24200,  24400,  24400,  24400,  24400,  24400,  24400
Ethiopia,     NA,     NA,     NA, 190000, 190000, 189000, 188000, 187000, 187000, 186000, 185000, 185000, 184000, 183000, 182000, 182000, 181000, 180000, 179000, 179000, 178000, 177000, 177000, 176000, 175000, 174000, 174000, 173000, 172000, 171000, 171000, 170000, 169000
Finland, 219000, 219000, 220000, 220000, 221000, 222000, 222000, 223000, 223000, 224000, 224000, 224000, 224000, 224000, 224000, 223000, 223000, 223000, 223000, 223000, 222000, 223000, 223000, 223000, 224000, 224000, 224000, 224000, 224000, 224000, 224000, 224000, 224000
Fiji,   9400,   9460,   9530,   9600,   9660,   9730,   9800,   9860,   9930,  10000,  10100,  10100,  10200,  10300,  10300,  10400,  10500,  10500,  10600,  10700,  10700,  10800,  10900,  10900,  11000,  11100,  11100,  11200,  11300,  11300,  11400,  11500,  11500
France, 144000, 145000, 146000, 147000, 148000, 149000, 149000, 150000, 151000, 152000, 153000, 154000, 155000, 156000, 157000, 159000, 160000, 161000, 162000, 163000, 164000, 165000, 166000, 167000, 168000, 168000, 169000, 170000, 171000, 172000, 173000, 173000, 174000
Faeroe Islands,      1,      1,      1,      1,      1,      1,      1,      1,      1,      1,      1,      1,      1,      1,      1,      1,      1,      1,      1,      1,      1,      1,      1,      1,      1,      1,      1,      1,      1,      1,      1,      1,      1
"Micronesia, Fed. Sts.",     NA,    636,    636,    637,    637,    637,    637,    638,    638,    638,    639,    639,    639,    639,    640,    640,    640,    640,    641,    641,    641,    642,    642,    642,    642,    643,    643,    643,    644,    644,    644,    645,    645
Gabon, 238000, 238000, 237000, 237000, 237000, 237000, 237000, 237000, 237000, 237000, 237000, 237000, 237000, 237000, 237000, 237000, 237000, 237000, 237000, 237000, 236000, 236000, 236000, 236000, 236000, 236000, 236000, 236000, 236000, 235000, 235000, 235000, 235000
Isle of Man,     35,     35,     35,     35,     35,     35,     35,     35,     35,     35,     35,     35,     35,     35,     35,     35,     35,     35,     35,     35,     35,     35,     35,     35,     35,     35,     35,     35,     35,     35,     35,     35,     35
UK,  27800,  28000,  28100,  28300,  28500,  28700,  28800,  29000,  29200,  29400,  29500,  29600,  29800,  29900,  30000,  30100,  30200,  30300,  30400,  30500,  30600,  30800,  31000,  31200,  31400,  31600,  31600,  31600,  31700,  31800,  31900,  32000,  32100
Georgia,     NA,     NA,  27500,  27500,  27600,  27600,  27600,  27600,  27600,  27600,  27600,  27700,  27700,  27800,  27900,  27900,  28000,  28000,  28100,  28200,  28200,  28200,  28200,  28200,  28200,  28200,  28200,  28200,  28200,  28200,  28200,  28200,  28200
Ghana,  99200,  98200,  97100,  96000,  94900,  93900,  92800,  91700,  90600,  89600,  88500,  87600,  86700,  85800,  84900,  84000,  83100,  82100,  81200,  80300,  79400,  79300,  79200,  79100,  78900,  78800,  79200,  79600,  79700,  79800,  79900,  79900,  80000
Gibraltar,      0,      0,      0,      0,      0,      0,      0,      0,      0,      0,      0,      0,      0,      0,      0,      0,      0,      0,      0,      0,      0,      0,      0,      0,      0,      0,      0,      0,      0,      0,      0,      0,     NA
Guinea,  72800,  72400,  72100,  71700,  71400,  71000,  70700,  70300,  70000,  69600,  69300,  68900,  68600,  68200,  67800,  67500,  67100,  66800,  66400,  66000,  65700,  65300,  65000,  64600,  64300,  63900,  63500,  63100,  62700,  62300,  61900,  61500,  61100
Gambia,   4150,   4090,   4030,   3970,   3920,   3860,   3800,   3750,   3690,   3630,   3570,   3520,   3460,   3400,   3340,   3290,   3230,   3170,   3110,   3060,   3000,   2940,   2890,   2830,   2770,   2710,   2660,   2600,   2540,   2480,   2430,   2370,   2310
Guinea-Bissau,  22300,  22200,  22200,  22100,  22000,  21900,  21800,  21700,  21700,  21600,  21500,  21400,  21300,  21200,  21200,  21100,  21000,  20900,  20800,  20700,  20600,  20600,  20500,  20400,  20300,  20200,  20100,  20100,  20000,  19900,  19800,  19700,  19600
Equatorial Guinea,  27000,  26900,  26800,  26700,  26700,  26600,  26500,  26400,  26300,  26200,  26200,  26100,  26000,  25900,  25800,  25700,  25700,  25600,  25500,  25400,  25300,  25200,  25200,  25100,  25000,  24900,  24800,  24700,  24700,  24600,  24500,  24400,  24300
Greece,  33000,  33300,  33600,  33900,  34200,  34500,  34800,  35100,  35400,  35700,  36000,  36300,  36600,  36900,  37200,  37500,  37800,  38100,  38400,  38700,  39000,  39000,  39000,  39000,  39000,  39000,  39000,  39000,  39000,  39000,  39000,  39000,  39000
Grenada,    177,    177,    177,    177,    177,    177,    177,    177,    177,    177,    177,    177,    177,    177,    177,    177,    177,    177,    177,    177,    177,    177,    177,    177,    177,    177,    177,    177,    177,    177,    177,    177,    177
Greenland,      2,      2,      2,      2,      2,      2,      2,      2,      2,      2,      2,      2,      2,      2,      2,      2,      2,      2,      2,      2,      2,      2,      2,      2,      2,      2,      2,      2,      2,      2,      2,      2,      2
Guatemala,  47800,  47200,  46700,  46100,  45500,  45000,  44400,  43800,  43200,  42700,  42100,  41600,  41100,  40600,  40100,  39700,  39200,  38700,  38200,  37700,  37200,  37000,  36700,  36400,  36100,  35900,  35700,  35600,  35500,  35400,  35300,  35200,  35000
Guam,    240,    240,    240,    240,    240,    240,    240,    240,    240,    240,    240,    240,    240,    240,    240,    240,    240,    240,    240,    240,    240,    242,    244,    246,    248,    250,    280,    280,    280,    280,    280,    280,    280
Guyana, 186000, 186000, 186000, 186000, 186000, 186000, 186000, 186000, 186000, 186000, 186000, 186000, 186000, 186000, 185000, 185000, 185000, 185000, 185000, 185000, 185000, 185000, 185000, 185000, 185000, 185000, 185000, 184000, 184000, 184000, 184000, 184000, 184000
Honduras,  69900,  69700,  69500,  69200,  69000,  68800,  68600,  68400,  68200,  68000,  67800,  67600,  67400,  67200,  67000,  66800,  66600,  66400,  66200,  66000,  65800,  65500,  65300,  65100,  64900,  64600,  64400,  64200,  64000,  63800,  63600,  63400,  63200
Croatia,     NA,     NA,  18600,  18600,  18600,  18700,  18700,  18700,  18800,  18800,  18900,  18900,  18900,  19000,  19000,  19000,  19100,  19100,  19100,  19200,  19200,  19200,  19200,  19200,  19200,  19200,  19200,  19300,  19300,  19400,  19400,  19400,  19400
Haiti,   3830,   3830,   3820,   3820,   3820,   3820,   3820,   3810,   3810,   3810,   3810,   3800,   3800,   3800,   3800,   3800,   3790,   3790,   3790,   3790,   3780,   3750,   3720,   3690,   3660,   3630,   3600,   3570,   3540,   3500,   3470,   3440,   3410
Hungary,  18100,  18200,  18400,  18500,  18600,  18700,  18800,  18900,  19000,  19100,  19200,  19300,  19500,  19600,  19700,  19800,  20000,  20100,  20200,  20300,  20500,  20500,  20500,  20600,  20600,  20600,  20600,  20600,  20600,  20500,  20500,  20500,  20500
Indonesia,1190000,1170000,1150000,1130000,1120000,1100000,1080000,1060000,1050000,1030000,1010000,1010000,1010000,1010000,1010000,1000000,1000000,1000000,1000000, 998000, 997000, 987000, 978000, 969000, 960000, 950000, 953000, 939000, 933000, 927000, 921000, 915000, 909000
India, 639000, 643000, 647000, 650000, 654000, 658000, 661000, 665000, 669000, 672000, 676000, 678000, 680000, 682000, 684000, 685000, 687000, 689000, 691000, 693000, 695000, 698000, 700000, 703000, 706000, 708000, 711000, 714000, 716000, 719000, 722000, 724000, 727000
Ireland,   4620,   4790,   4950,   5120,   5290,   5460,   5630,   5800,   5970,   6130,   6300,   6390,   6480,   6570,   6660,   6750,   6840,   6930,   7020,   7110,   7200,   7270,   7340,   7410,   7480,   7550,   7620,   7700,   7740,   7780,   7820,   7860,   7900
Iran,  90800,  91000,  91300,  91500,  91800,  92000,  92300,  92500,  92800,  93000,  93300,  94600,  96000,  97400,  98700, 100000, 101000, 103000, 104000, 106000, 107000, 107000, 107000, 107000, 107000, 107000, 107000, 107000, 107000, 107000, 108000, 108000, 108000
Iraq,   8040,   8050,   8070,   8080,   8100,   8110,   8120,   8140,   8150,   8170,   8180,   8190,   8190,   8200,   8210,   8220,   8220,   8230,   8240,   8240,   8250,   8250,   8250,   8250,   8250,   8250,   8250,   8250,   8250,   8250,   8250,   8250,   8250
Iceland,    171,    183,    196,    209,    222,    235,    247,    260,    273,    286,    298,    313,    328,    343,    358,    373,    387,    402,    417,    432,    447,    454,    461,    468,    475,    482,    487,    494,    500,    507,    514,    520,    527
Israel,   1320,   1340,   1360,   1380,   1400,   1430,   1450,   1470,   1490,   1510,   1530,   1530,   1530,   1530,   1530,   1540,   1540,   1540,   1540,   1540,   1540,   1560,   1580,   1610,   1630,   1650,   1400,   1400,   1400,   1400,   1400,   1400,     NA
Italy,  75900,  76700,  77500,  78200,  79000,  79800,  80600,  81400,  82100,  82900,  83700,  84400,  85000,  85700,  86300,  87000,  87600,  88300,  89000,  89600,  90300,  90800,  91400,  91900,  92400,  93000,  93500,  94000,  94600,  95100,  95700,  96200,  96700
Jamaica,   5210,   5210,   5210,   5210,   5210,   5210,   5210,   5210,   5210,   5210,   5210,   5250,   5280,   5320,   5360,   5400,   5430,   5470,   5510,   5550,   5580,   5620,   5660,   5700,   5740,   5770,   5810,   5850,   5890,   5930,   5970,   6010,   6050
Jordan,    975,    975,    975,    975,    975,    975,    975,    975,    975,    975,    975,    975,    975,    975,    975,    975,    975,    975,    975,    975,    975,    975,    975,    975,    975,    975,    975,    975,    975,    975,    975,    975,    975
Japan, 250000, 249000, 249000, 249000, 249000, 249000, 249000, 249000, 249000, 249000, 249000, 249000, 249000, 249000, 249000, 249000, 249000, 249000, 249000, 250000, 250000, 250000, 250000, 250000, 249000, 249000, 249000, 249000, 249000, 249000, 249000, 249000, 249000
Kazakhstan,     NA,     NA,  31600,  31600,  31600,  31600,  31600,  31600,  31600,  31600,  31600,  31500,  31400,  31300,  31300,  31200,  31100,  31000,  31000,  30900,  30800,  31300,  31700,  32200,  32600,  33100,  33400,  33700,  34000,  34300,  34500,  34800,  35100
Kenya,  38600,  38700,  38800,  38900,  39000,  39100,  39200,  39300,  39400,  39500,  39600,  39300,  38900,  38600,  38200,  37900,  37500,  37200,  36900,  36500,  36200,  36000,  35800,  35600,  35400,  35200,  35500,  35800,  36100,  36100,  36100,  36100,  36100
Kyrgyz Republic,     NA,     NA,  11500,  11500,  11500,  11600,  11600,  11700,  11700,  11800,  11800,  11900,  11900,  12000,  12000,  12100,  12100,  12200,  12200,  12200,  12300,  12300,  12400,  12400,  12500,  12500,  12600,  12600,  12800,  13000,  13200,  13300,  13500
Cambodia, 110000, 110000, 110000, 109000, 109000, 109000, 109000, 108000, 108000, 108000, 108000, 108000, 107000, 107000, 107000, 107000, 107000, 106000, 106000, 106000, 106000, 102000,  98900,  95400,  92000,  88500,  86900,  85400,  83800,  82200,  80700,  79100,  77600
Kiribati,     12,     12,     12,     12,     12,     12,     12,     12,     12,     12,     12,     12,     12,     12,     12,     12,     12,     12,     12,     12,     12,     12,     12,     12,     12,     12,     12,     12,     12,     12,     12,     12,     12
St. Kitts and Nevis,    110,    110,    110,    110,    110,    110,    110,    110,    110,    110,    110,    110,    110,    110,    110,    110,    110,    110,    110,    110,    110,    110,    110,    110,    110,    110,    110,    110,    110,    110,    110,    110,    110
South Korea,  65500,  65400,  65400,  65300,  65200,  65100,  65100,  65000,  64900,  64800,  64800,  64700,  64600,  64500,  64400,  64300,  64200,  64100,  64000,  64000,  63900,  63800,  63700,  63600,  63500,  63400,  63300,  63200,  63100,  63000,  62900,  62800,  62700
Kuwait,     34,     36,     37,     39,     40,     42,     43,     44,     46,     47,     48,     50,     51,     53,     54,     56,     57,     58,     60,     61,     62,     62,     62,     62,     62,     62,     62,     62,     62,     62,     62,     62,     62
Lao, 178000, 178000, 178000, 177000, 177000, 176000, 176000, 176000, 175000, 175000, 174000, 174000, 173000, 173000, 172000, 172000, 171000, 171000, 170000, 170000, 169000, 169000, 169000, 168000, 168000, 168000, 167000, 167000, 167000, 166000, 166000, 166000, 165000
Lebanon,   1400,   1400,   1390,   1390,   1390,   1390,   1390,   1390,   1380,   1380,   1380,   1380,   1380,   1380,   1380,   1380,   1380,   1380,   1380,   1370,   1370,   1380,   1390,   1390,   1400,   1400,   1410,   1420,   1420,   1430,   1430,   1440,   1450
Liberia,  85300,  84900,  84600,  84300,  84000,  83700,  83400,  83100,  82800,  82500,  82200,  81900,  81600,  81300,  81000,  80700,  80400,  80100,  79800,  79500,  79200,  78900,  78600,  78300,  78000,  77700,  77400,  77100,  76800,  76500,  76200,  75900,  75600
Libya,   2170,   2170,   2170,   2170,   2170,   2170,   2170,   2170,   2170,   2170,   2170,   2170,   2170,   2170,   2170,   2170,   2170,   2170,   2170,   2170,   2170,   2170,   2170,   2170,   2170,   2170,   2170,   2170,   2170,   2170,   2170,   2170,   2170
St. Lucia,    213,    212,    212,    212,    212,    211,    211,    211,    211,    210,    210,    210,    210,    209,    209,    209,    209,    208,    208,    208,    208,    208,    208,    208,    208,    208,    208,    208,    208,    208,    208,    208,    208
Liechtenstein,     65,     65,     65,     66,     66,     66,     66,     66,     67,     67,     67,     67,     67,     67,     67,     67,     67,     67,     67,     67,     67,     67,     67,     67,     67,     67,     67,     67,     67,     67,     67,     67,     67
Sri Lanka,  23500,  23300,  23100,  23000,  22800,  22600,  22400,  22200,  22000,  21800,  21700,  21600,  21500,  21500,  21400,  21400,  21300,  21200,  21200,  21100,  21000,  21100,  21100,  21200,  21200,  21300,  21300,  21200,  21200,  21200,  21100,  21100,  21100
Lesotho,    345,    345,    345,    345,    345,    345,    345,    345,    345,    345,    345,    345,    345,    345,    345,    345,    345,    345,    345,    345,    345,    345,    345,    345,    345,    345,    345,    345,    345,    345,    345,    345,    345
Lithuania,     NA,     NA,  19600,  19700,  19800,  19800,  19900,  20000,  20100,  20100,  20200,  20400,  20500,  20600,  20800,  20900,  21100,  21300,  21400,  21600,  21700,  21700,  21800,  21800,  21800,  21900,  21900,  22000,  22000,  22000,  22000,  22000,  22000
Luxembourg,     NA,     NA,     NA,     NA,     NA,     NA,     NA,     NA,     NA,     NA,    867,    869,    871,    873,    875,    877,    879,    881,    883,    885,    887,    887,    887,    887,    887,    887,    887,    887,    887,    887,    887,    887,    887
Latvia,     NA,     NA,  31900,  31900,  32000,  32100,  32100,  32200,  32300,  32300,  32400,  32500,  32700,  32800,  32900,  33100,  33200,  33300,  33500,  33600,  33700,  33800,  33800,  33800,  33900,  33900,  34000,  34000,  34000,  34100,  34100,  34100,  34200
3/1/01,     NA,     NA,     NA,     NA,     NA,     NA,     NA,     NA,     NA,     NA,     NA,     NA,     NA,     NA,     NA,     NA,     NA,     NA,     NA,     NA,     NA,     12,     12,     12,     12,     12,     12,     12,     12,     12,     12,     12,     12
Morocco,  54900,  54900,  54900,  54900,  54900,  55000,  55000,  55000,  55000,  55000,  55100,  55200,  55400,  55600,  55700,  55900,  56100,  56200,  56400,  56600,  56700,  56800,  56800,  56800,  56800,  56800,  57000,  57100,  57200,  57300,  57400,  57500,  57600
Monaco,      0,      0,      0,      0,      0,      0,      0,      0,      0,      0,      0,      0,      0,      0,      0,      0,      0,      0,      0,      0,      0,      0,      0,      0,      0,      0,      0,      0,      0,      0,      0,      0,      0
Moldova,     NA,     NA,   3290,   3310,   3330,   3350,   3370,   3390,   3410,   3430,   3440,   3470,   3500,   3530,   3560,   3590,   3620,   3650,   3680,   3710,   3750,   3770,   3790,   3820,   3840,   3860,   3870,   3870,   3870,   3870,   3870,   3870,   3870
Madagascar, 137000, 136000, 136000, 135000, 134000, 134000, 133000, 132000, 132000, 131000, 130000, 130000, 129000, 129000, 128000, 128000, 127000, 127000, 127000, 126000, 126000, 125000, 125000, 125000, 125000, 125000, 125000, 125000, 125000, 124000, 124000, 124000, 124000
Maldives,      8,      8,      8,      8,      8,      8,      8,      8,      8,      8,      8,      8,      8,      8,      8,      8,      8,      8,      8,      8,      8,      8,      8,      8,      8,      8,      8,      8,      8,      8,      8,      8,      8
Mexico, 706000, 704000, 701000, 699000, 697000, 695000, 693000, 690000, 688000, 686000, 684000, 682000, 681000, 679000, 678000, 677000, 675000, 674000, 672000, 671000, 669000, 668000, 667000, 666000, 665000, 663000, 662000, 661000, 659000, 658000, 657000, 656000, 654000
Marshall Islands,     NA,     94,     94,     94,     94,     94,     94,     94,     94,     94,     94,     94,     94,     94,     94,     94,     94,     94,     94,     94,     94,     94,     94,     94,     94,     94,     94,     94,     94,     94,     94,     94,     94
North Macedonia,     NA,     NA,   9210,   9260,   9300,   9350,   9390,   9440,   9480,   9530,   9580,   9580,   9580,   9580,   9590,   9590,   9590,   9600,   9600,   9600,   9600,   9670,   9740,   9810,   9880,   9940,  10000,  10000,  10000,  10000,  10000,  10000,  10000
Mali, 133000, 133000, 133000, 133000, 133000, 133000, 133000, 133000, 133000, 133000, 133000, 133000, 133000, 133000, 133000, 133000, 133000, 133000, 133000, 133000, 133000, 133000, 133000, 133000, 133000, 133000, 133000, 133000, 133000, 133000, 133000, 133000, 133000
Malta,      4,      4,      4,      4,      4,      4,      4,      4,      4,      4,      4,      4,      4,      4,      4,      4,      4,      4,      4,      4,      4,      4,      4,      4,      4,      4,      4,      4,      5,      5,      5,      5,      5
Myanmar, 392000, 388000, 383000, 379000, 375000, 370000, 366000, 362000, 357000, 353000, 349000, 345000, 342000, 338000, 335000, 332000, 328000, 325000, 321000, 318000, 314000, 312000, 309000, 306000, 303000, 300000, 297000, 294000, 291000, 288000, 285000, 283000, 280000
Montenegro,     NA,     NA,     NA,     NA,     NA,     NA,     NA,     NA,     NA,     NA,     NA,     NA,     NA,     NA,     NA,     NA,   7470,   7670,   7870,   8070,   8270,   8270,   8270,   8270,   8270,   8270,   8270,   8270,   8270,   8270,   8270,   8270,   8270
Mongolia, 144000, 143000, 143000, 143000, 143000, 143000, 143000, 143000, 143000, 143000, 143000, 143000, 142000, 142000, 142000, 142000, 142000, 142000, 142000, 142000, 142000, 142000, 142000, 142000, 142000, 142000, 142000, 142000, 142000, 142000, 142000, 142000, 142000
Northern Mariana Islands,     NA,    334,    333,    331,    330,    328,    326,    325,    323,    321,    320,    318,    316,    315,    313,    311,    310,    308,    306,    305,    303,    302,    300,    298,    297,    295,    244,    244,    244,    244,    244,    244,    244
Mozambique, 434000, 432000, 429000, 427000, 425000, 423000, 421000, 418000, 416000, 414000, 412000, 410000, 407000, 405000, 403000, 401000, 399000, 396000, 394000, 392000, 390000, 388000, 386000, 384000, 381000, 379000, 376000, 374000, 372000, 370000, 367000, 365000, 363000
Mauritania,   4760,   4710,   4650,   4600,   4540,   4490,   4430,   4380,   4330,   4270,   4220,   4160,   4110,   4050,   4000,   3940,   3890,   3840,   3780,   3730,   3670,   3620,   3560,   3510,   3450,   3400,   3350,   3290,   3240,   3180,   3130,   3070,   3020
Mauritius,    411,    412,    412,    413,    414,    415,    416,    417,    418,    418,    419,    416,    412,    409,    405,    402,    398,    395,    391,    387,    384,    384,    384,    383,    383,    383,    383,    387,    387,    387,    388,    388,    389
Malawi,  35000,  34600,  34200,  33800,  33300,  32900,  32500,  32100,  31700,  31200,  30800,  30400,  30000,  29600,  29100,  28700,  28300,  27900,  27500,  27000,  26600,  26200,  25800,  25400,  24900,  24500,  24100,  23700,  23300,  22800,  22400,  22000,  21600
Malaysia, 206000, 205000, 204000, 203000, 202000, 202000, 201000, 200000, 199000, 198000, 197000, 196000, 195000, 195000, 194000, 193000, 192000, 192000, 191000, 190000, 189000, 191000, 192000, 193000, 194000, 195000, 193000, 193000, 192000, 192000, 191000, 191000, 190000
Namibia,  87700,  87000,  86300,  85600,  84900,  84100,  83400,  82700,  82000,  81300,  80600,  79900,  79200,  78500,  77800,  77000,  76300,  75600,  74900,  74200,  73500,  72800,  72100,  71400,  70600,  69900,  69200,  68500,  67800,  67100,  66400,  65700,  65000
New Caledonia,   8310,   8320,   8320,   8330,   8340,   8340,   8350,   8360,   8370,   8370,   8380,   8380,   8380,   8380,   8380,   8380,   8390,   8390,   8390,   8390,   8390,   8390,   8390,   8390,   8390,   8390,   8380,   8380,   8380,   8380,   8380,   8380,   8380
Niger,  19400,  18800,  18200,  17600,  17000,  16400,  15700,  15100,  14500,  13900,  13300,  13200,  13000,  12900,  12800,  12700,  12500,  12400,  12300,  12200,  12000,  11900,  11800,  11700,  11500,  11400,  11300,  11200,  11000,  10900,  10800,  10700,  10500
Nigeria, 265000, 264000, 262000, 260000, 259000, 257000, 255000, 254000, 252000, 251000, 249000, 247000, 246000, 244000, 242000, 241000, 239000, 237000, 236000, 234000, 233000, 231000, 229000, 228000, 226000, 224000, 223000, 221000, 220000, 218000, 216000, 215000, 213000
Nicaragua,  64000,  63000,  62000,  61000,  60000,  59000,  58000,  57000,  56000,  55000,  54000,  52800,  51600,  50400,  49100,  47900,  46700,  45500,  44300,  43100,  41900,  41300,  40800,  40200,  39600,  39100,  38100,  37100,  36100,  35100,  34100,  33100,  32100
Netherlands,   3450,   3470,   3480,   3500,   3510,   3520,   3540,   3550,   3570,   3580,   3600,   3610,   3620,   3640,   3650,   3660,   3680,   3690,   3710,   3720,   3730,   3720,   3700,   3680,   3670,   3650,   3660,   3670,   3680,   3690,   3700,   3700,   3710
Cura√ßao,     NA,     NA,     NA,     NA,     NA,     NA,     NA,     NA,     NA,     NA,     NA,     NA,     NA,     NA,     NA,     NA,     NA,     NA,     NA,     NA,     NA,      1,      1,      1,      1,      1,      1,      1,      1,      1,      1,      1,      1
Norway, 121000, 121000, 121000, 121000, 121000, 121000, 121000, 121000, 121000, 121000, 121000, 121000, 121000, 121000, 121000, 121000, 121000, 121000, 121000, 121000, 121000, 121000, 121000, 121000, 121000, 121000, 121000, 122000, 122000, 122000, 122000, 122000, 122000
Nepal,  56700,  56800,  56900,  57000,  57200,  57300,  57400,  57500,  57600,  57700,  57800,  58000,  58200,  58400,  58500,  58700,  58900,  59100,  59300,  59400,  59600,  59600,  59600,  59600,  59600,  59600,  59600,  59600,  59600,  59600,  59600,  59600,  59600
Nauru,      0,      0,      0,      0,      0,      0,      0,      0,      0,      0,      0,      0,      0,      0,      0,      0,      0,      0,      0,      0,      0,      0,      0,      0,      0,      0,      0,      0,      0,      0,      0,      0,      0
New Zealand,  93700,  94200,  94700,  95200,  95600,  96100,  96600,  97100,  97500,  98000,  98500,  98500,  98500,  98500,  98500,  98500,  98500,  98500,  98500,  98500,  98500,  98500,  98500,  98500,  98500,  98500,  98500,  98500,  98600,  98700,  98900,  99100,  99300
Oman,     30,     30,     30,     30,     30,     30,     30,     30,     30,     30,     30,     30,     30,     30,     30,     30,     30,     30,     30,     30,     30,     30,     30,     30,     30,     30,     28,     27,     26,     25,     25,     24,     24
Pakistan,  49900,  49400,  48900,  48400,  48000,  47500,  47000,  46500,  46100,  45600,  45100,  44700,  44300,  43900,  43400,  43000,  42600,  42200,  41800,  41400,  40900,  40600,  40300,  40000,  39600,  39300,  38700,  38500,  38100,  37700,  37300,  36800,  36400
Panama,  46100,  45900,  45700,  45600,  45400,  45200,  45100,  44900,  44800,  44600,  44400,  44300,  44200,  44100,  44000,  43900,  43700,  43600,  43500,  43400,  43300,  43200,  43100,  42900,  42800,  42700,  42600,  42500,  42400,  42300,  42100,  42000,  41900
Peru, 764000, 763000, 762000, 761000, 760000, 759000, 758000, 756000, 755000, 754000, 753000, 752000, 750000, 749000, 748000, 747000, 745000, 744000, 743000, 742000, 740000, 739000, 737000, 735000, 734000, 732000, 730000, 728000, 727000, 725000, 723000, 722000, 720000
Philippines,  77800,  77300,  76800,  76400,  75900,  75400,  75000,  74500,  74000,  73600,  73100,  72600,  72200,  71700,  71200,  70700,  70300,  69800,  69300,  68900,  68400,  68700,  69100,  69400,  69800,  70100,  70500,  70800,  71200,  71500,  71900,  72200,  72600
Palau,     NA,    383,    384,    386,    387,    389,    390,    392,    393,    394,    396,    397,    398,    399,    400,    401,    402,    403,    404,    405,    406,    406,    407,    408,    409,    410,    411,    412,    413,    413,    414,    415,    416
Papua New Guinea, 364000, 364000, 364000, 364000, 364000, 363000, 363000, 363000, 363000, 363000, 363000, 363000, 363000, 362000, 362000, 362000, 362000, 362000, 362000, 362000, 362000, 361000, 361000, 361000, 361000, 360000, 360000, 360000, 359000, 359000, 359000, 358000, 358000
Poland,  88800,  89000,  89200,  89400,  89500,  89700,  89900,  90100,  90200,  90400,  90600,  90900,  91100,  91400,  91700,  91900,  92200,  92500,  92800,  93000,  93300,  93500,  93700,  93800,  94000,  94200,  94300,  94500,  94600,  94700,  94800,  95000,  95100
North Korea,  69100,  68700,  68200,  67700,  67300,  66800,  66400,  65900,  65500,  65000,  64500,  64300,  64100,  63900,  63700,  63500,  63300,  63100,  62800,  62600,  62400,  62200,  62000,  61800,  61600,  61400,  61200,  60900,  60700,  60500,  60300,  60100,  59900
Portugal,  34000,  33900,  33800,  33600,  33500,  33400,  33300,  33200,  33000,  32900,  32800,  32800,  32800,  32700,  32700,  32700,  32600,  32600,  32600,  32500,  32500,  32600,  32800,  32900,  33000,  33100,  33100,  33100,  33100,  33100,  33100,  33100,  33100
Paraguay, 255000, 253000, 250000, 248000, 245000, 243000, 240000, 238000, 235000, 232000, 230000, 226000, 223000, 220000, 216000, 213000, 209000, 206000, 203000, 199000, 196000, 192000, 187000, 183000, 179000, 175000, 173000, 169000, 167000, 164000, 161000, 158000, 155000
Palestine,     91,     91,     91,     91,     91,     91,     91,     91,     91,     91,     91,     92,     92,     93,     94,     95,     96,     97,     98,     99,    100,    100,    100,    101,    101,    101,    101,    101,    101,    101,    101,    101,     NA
French Polynesia,   1440,   1450,   1450,   1460,   1460,   1460,   1470,   1470,   1480,   1480,   1490,   1490,   1490,   1490,   1490,   1490,   1490,   1490,   1490,   1490,   1490,   1490,   1490,   1490,   1490,   1490,   1490,   1490,   1490,   1490,   1490,   1490,   1490
Qatar,      0,      0,      0,      0,      0,      0,      0,      0,      0,      0,      0,      0,      0,      0,      0,      0,      0,      0,      0,      0,      0,      0,      0,      0,      0,      0,      0,      0,      0,      0,      0,      0,      0
Romania,  63700,  63700,  63700,  63700,  63700,  63700,  63700,  63700,  63700,  63700,  63700,  63800,  64000,  64100,  64300,  64400,  64600,  64700,  64900,  65000,  65200,  65900,  66700,  67500,  68200,  69000,  69300,  69300,  69300,  69300,  69300,  69300,  69300
Russia,     NA,     NA,8090000,8090000,8090000,8090000,8090000,8090000,8090000,8090000,8090000,8100000,8100000,8110000,8120000,8120000,8130000,8130000,8140000,8150000,8150000,8150000,8150000,8150000,8150000,8150000,8150000,8150000,8150000,8150000,8150000,8150000,8150000
Rwanda,   3170,   3140,   3110,   3080,   3050,   3020,   2990,   2960,   2930,   2900,   2870,   2850,   2830,   2800,   2780,   2760,   2740,   2720,   2690,   2670,   2650,   2660,   2670,   2680,   2690,   2700,   2720,   2730,   2740,   2750,   2760,   2770,   2780
Saudi Arabia,   9770,   9770,   9770,   9770,   9770,   9770,   9770,   9770,   9770,   9770,   9770,   9770,   9770,   9770,   9770,   9770,   9770,   9770,   9770,   9770,   9770,   9770,   9770,   9770,   9770,   9770,   9770,   9770,   9770,   9770,   9770,   9770,   9770
Sudan,     NA,     NA,     NA,     NA,     NA,     NA,     NA,     NA,     NA,     NA,     NA,     NA,     NA,     NA,     NA,     NA,     NA,     NA,     NA,     NA,     NA,     NA, 197000, 196000, 194000, 192000, 190000, 189000, 187000, 185000, 184000, 182000, 180000
Senegal,  93000,  92600,  92100,  91700,  91200,  90800,  90300,  89900,  89400,  89000,  88500,  88100,  87800,  87400,  87000,  86600,  86200,  85800,  85500,  85100,  84700,  84300,  83900,  83500,  83100,  82700,  82300,  81900,  81500,  81100,  80700,  80300,  79900
Singapore,    148,    150,    153,    155,    157,    159,    161,    164,    166,    168,    170,    171,    172,    172,    173,    174,    174,    175,    176,    177,    177,    175,    172,    170,    167,    165,    163,    161,    159,    158,    156,    154,    152
Solomon Islands,  25400,  25400,  25400,  25400,  25400,  25400,  25400,  25400,  25400,  25400,  25400,  25400,  25400,  25400,  25300,  25300,  25300,  25300,  25300,  25300,  25300,  25300,  25300,  25300,  25300,  25300,  25300,  25300,  25200,  25200,  25200,  25200,  25200
Sierra Leone,  31300,  31100,  30900,  30700,  30500,  30300,  30100,  29900,  29700,  29500,  29300,  29100,  28900,  28700,  28500,  28300,  28100,  27900,  27700,  27500,  27300,  27100,  26900,  26700,  26500,  26300,  26100,  25900,  25700,  25500,  25300,  25200,  25000
El Salvador,   7190,   7140,   7100,   7050,   7010,   6960,   6920,   6870,   6830,   6780,   6740,   6690,   6650,   6600,   6560,   6510,   6470,   6420,   6380,   6330,   6290,   6240,   6200,   6150,   6110,   6060,   6020,   5970,   5930,   5880,   5840,   5790,   5750
San Marino,     10,     10,     10,     10,     10,     10,     10,     10,     10,     10,     10,     10,     10,     10,     10,     10,     10,     10,     10,     10,     10,     10,     10,     10,     10,     10,     10,     10,     10,     10,     10,     10,     10
Somalia,  82800,  82100,  81300,  80500,  79800,  79000,  78200,  77500,  76700,  75900,  75200,  74400,  73600,  72800,  72100,  71300,  70500,  69800,  69000,  68200,  67500,  66700,  65900,  65200,  64400,  63600,  62900,  62100,  61300,  60600,  59800,  59000,  58300
Serbia,     NA,     NA,     NA,     NA,     NA,     NA,     NA,     NA,     NA,     NA,     NA,     NA,     NA,     NA,     NA,     NA,  26100,  26400,  26600,  26900,  27100,  27100,  27200,  27200,  27200,  27200,  27200,  27200,  27200,  27200,  27200,  27200,  27200
South Sudan,     NA,     NA,     NA,     NA,     NA,     NA,     NA,     NA,     NA,     NA,     NA,     NA,     NA,     NA,     NA,     NA,     NA,     NA,     NA,     NA,     NA,     NA,  71600,  71600,  71600,  71600,  71600,  71600,  71600,  71600,  71600,  71600,  71600
Sao Tome and Principe,    586,    586,    586,    585,    585,    585,    585,    584,    584,    584,    584,    583,    583,    583,    583,    582,    582,    582,    582,    581,    581,    575,    569,    562,    556,    550,    544,    538,    531,    525,    519,    513,    507
Suriname, 154000, 154000, 154000, 154000, 154000, 154000, 154000, 154000, 153000, 153000, 153000, 153000, 153000, 153000, 153000, 153000, 153000, 153000, 153000, 153000, 153000, 153000, 153000, 153000, 153000, 153000, 152000, 152000, 152000, 152000, 152000, 152000, 152000
Slovak Republic,     NA,     NA,     NA,  19000,  19000,  19000,  19000,  19000,  19000,  19000,  19000,  19000,  19000,  19100,  19100,  19100,  19100,  19100,  19100,  19200,  19200,  19200,  19200,  19200,  19200,  19200,  19200,  19300,  19300,  19300,  19300,  19300,  19300
Slovenia,     NA,     NA,  12000,  12000,  12100,  12100,  12200,  12200,  12200,  12300,  12300,  12300,  12400,  12400,  12400,  12400,  12400,  12400,  12400,  12500,  12500,  12500,  12500,  12500,  12500,  12500,  12500,  12400,  12400,  12400,  12400,  12400,  12300
Sweden, 281000, 281000, 281000, 281000, 281000, 281000, 281000, 281000, 281000, 282000, 282000, 282000, 281000, 281000, 281000, 281000, 281000, 281000, 281000, 281000, 281000, 281000, 280000, 280000, 280000, 280000, 280000, 280000, 280000, 280000, 280000, 280000, 280000
Eswatini,   4610,   4620,   4640,   4650,   4660,   4670,   4680,   4700,   4710,   4720,   4730,   4740,   4760,   4770,   4780,   4790,   4810,   4820,   4830,   4840,   4850,   4870,   4880,   4890,   4900,   4920,   4930,   4940,   4950,   4960,   4980,   4990,   5000
Sint Maarten (Dutch part),     NA,     NA,     NA,     NA,     NA,     NA,     NA,     NA,     NA,     NA,     NA,     NA,     NA,     NA,     NA,     NA,     NA,     NA,     NA,     NA,     NA,      4,      4,      4,      4,      4,      4,      4,      4,      4,      4,      4,      4
Seychelles,    337,    337,    337,    337,    337,    337,    337,    337,    337,    337,    337,    337,    337,    337,    337,    337,    337,    337,    337,    337,    337,    337,    337,    337,    337,    337,    337,    337,    337,    337,    337,    337,    337
Syria,   3720,   3780,   3840,   3900,   3960,   4020,   4080,   4140,   4200,   4260,   4320,   4380,   4440,   4500,   4560,   4620,   4680,   4740,   4800,   4860,   4920,   4980,   5040,   5100,   5160,   5220,   5220,   5220,   5220,   5220,   5220,   5220,   5220
Turks and Caicos Islands,    105,    105,    105,    105,    105,    105,    105,    105,    105,    105,    105,    105,    105,    105,    105,    105,    105,    105,    105,    105,    105,    105,    105,    105,    105,    105,    105,    105,    105,    105,    105,    105,    105
Chad,  67300,  66900,  66500,  66200,  65800,  65400,  65000,  64700,  64300,  63900,  63500,  62700,  61900,  61100,  60200,  59400,  58600,  57800,  56900,  56100,  55300,  54000,  52700,  51500,  50200,  48900,  47700,  46500,  45400,  44200,  43100,  42000,  40900
Togo,  13600,  13500,  13400,  13300,  13200,  13200,  13100,  13000,  12900,  12800,  12700,  12700,  12600,  12600,  12600,  12500,  12500,  12500,  12400,  12400,  12400,  12400,  12300,  12300,  12300,  12200,  12200,  12200,  12200,  12100,  12100,  12100,  12000
Thailand, 194000, 193000, 193000, 193000, 192000, 192000, 191000, 191000, 191000, 190000, 190000, 191000, 192000, 193000, 194000, 195000, 196000, 198000, 199000, 200000, 201000, 201000, 201000, 201000, 201000, 201000, 200000, 200000, 199000, 199000, 199000, 198000, 198000
Tajikistan,     NA,     NA,   4080,   4090,   4090,   4090,   4090,   4090,   4100,   4100,   4100,   4100,   4100,   4100,   4100,   4100,   4100,   4100,   4100,   4100,   4100,   4120,   4150,   4170,   4190,   4220,   4220,   4220,   4220,   4230,   4240,   4250,   4260
Turkmenistan,     NA,     NA,  41300,  41300,  41300,  41300,  41300,  41300,  41300,  41300,  41300,  41300,  41300,  41300,  41300,  41300,  41300,  41300,  41300,  41300,  41300,  41300,  41300,  41300,  41300,  41300,  41300,  41300,  41300,  41300,  41300,  41300,  41300
Timor-Leste,   9630,   9620,   9600,   9590,   9580,   9560,   9550,   9530,   9520,   9510,   9490,   9480,   9460,   9450,   9440,   9420,   9410,   9390,   9380,   9370,   9350,   9340,   9320,   9310,   9300,   9280,   9270,   9260,   9240,   9230,   9210,   9200,   9180
Tonga,     90,     90,     90,     90,     90,     90,     90,     90,     90,     90,     90,     90,     90,     90,     90,     90,     90,     90,     90,     90,     90,     90,     90,     90,     90,     90,     90,     90,     90,     90,     90,     90,     90
Trinidad and Tobago,   2420,   2420,   2410,   2400,   2400,   2390,   2390,   2380,   2380,   2370,   2370,   2360,   2360,   2350,   2350,   2350,   2340,   2340,   2330,   2330,   2320,   2320,   2320,   2310,   2310,   2300,   2300,   2290,   2290,   2290,   2280,   2280,   2270
Tunisia,   6440,   6460,   6490,   6510,   6540,   6560,   6580,   6610,   6630,   6650,   6680,   6700,   6720,   6740,   6760,   6780,   6800,   6820,   6840,   6850,   6870,   6890,   6900,   6920,   6940,   6950,   6970,   6980,   7000,   7010,   7030,   7040,   7060
Turkey, 198000, 198000, 199000, 199000, 199000, 200000, 200000, 200000, 201000, 201000, 201000, 202000, 203000, 204000, 205000, 206000, 207000, 208000, 209000, 210000, 211000, 212000, 213000, 214000, 215000, 216000, 216000, 218000, 219000, 221000, 222000, 224000, 225000
Tuvalu,     10,     10,     10,     10,     10,     10,     10,     10,     10,     10,     10,     10,     10,     10,     10,     10,     10,     10,     10,     10,     10,     10,     10,     10,     10,     10,     10,     10,     10,     10,     10,     10,     10
Tanzania, 574000, 570000, 566000, 563000, 559000, 555000, 552000, 548000, 544000, 540000, 537000, 533000, 529000, 526000, 522000, 518000, 514000, 511000, 507000, 503000, 500000, 496000, 492000, 488000, 485000, 481000, 476000, 472000, 467000, 462000, 457000, 453000, 448000
Uganda,  35800,  35300,  34900,  34500,  34100,  33700,  33300,  32900,  32500,  32000,  31600,  31200,  30800,  30400,  30000,  29600,  29200,  28700,  28300,  27900,  27500,  27100,  26700,  26300,  25900,  25400,  25000,  24600,  24200,  23800,  23400,  23000,  22600
Ukraine,     NA,     NA,  93200,  93400,  93700,  93900,  94200,  94400,  94600,  94900,  95100,  95100,  95200,  95200,  95300,  95300,  95300,  95400,  95400,  95400,  95500,  95700,  95900,  96100,  96400,  96600,  96600,  96700,  96800,  96800,  96900,  97000,  97000
Uruguay,   7980,   8550,   9120,   9690,  10300,  10800,  11400,  12000,  12500,  13100,  13700,  14100,  14400,  14800,  15100,  15500,  15900,  16200,  16600,  17000,  17300,  17700,  18100,  18400,  18800,  19200,  19500,  19700,  19900,  20100,  20300,  20500,  20700
USA,3020000,3030000,3030000,3030000,3030000,3030000,3030000,3030000,3030000,3030000,3040000,3040000,3050000,3050000,3060000,3060000,3070000,3070000,3080000,3080000,3090000,3090000,3090000,3100000,3100000,3100000,3100000,3100000,3100000,3100000,3100000,3100000,3100000
Uzbekistan,     NA,     NA,  26300,  26700,  27100,  27600,  28000,  28400,  28800,  29200,  29600,  30000,  30400,  30800,  31200,  31600,  31900,  32300,  32700,  33100,  33500,  33900,  34300,  34700,  35100,  35500,  35900,  36100,  36400,  36600,  36900,  37200,  37400
St. Vincent and the Grenadines,    275,    276,    277,    278,    279,    280,    281,    282,    283,    284,    285,    285,    285,    285,    285,    285,    285,    285,    285,    285,    285,    285,    285,    285,    285,    285,    285,    285,    285,    285,    285,    285,    285
Venezuela, 520000, 517000, 515000, 512000, 509000, 506000, 503000, 500000, 497000, 494000, 492000, 490000, 488000, 487000, 485000, 483000, 482000, 480000, 478000, 477000, 475000, 473000, 472000, 470000, 468000, 467000, 465000, 464000, 463000, 463000, 462000, 462000, 461000
British Virgin Islands,     37,     37,     37,     37,     37,     37,     37,     37,     37,     37,     37,     37,     37,     37,     37,     36,     36,     36,     36,     36,     36,     36,     36,     36,     36,     36,     36,     36,     36,     36,     36,     36,     36
Vietnam,  93800,  96200,  98600, 101000, 103000, 106000, 108000, 111000, 113000, 115000, 118000, 119000, 121000, 123000, 124000, 126000, 127000, 129000, 131000, 132000, 134000, 135000, 137000, 138000, 139000, 141000, 144000, 144000, 145000, 146000, 146000, 147000, 148000
Vanuatu,   4420,   4420,   4420,   4420,   4420,   4420,   4420,   4420,   4420,   4420,   4420,   4420,   4420,   4420,   4420,   4420,   4420,   4420,   4420,   4420,   4420,   4420,   4420,   4420,   4420,   4420,   4420,   4420,   4420,   4420,   4420,   4420,   4420
Samoa,   1760,   1760,   1750,   1750,   1740,   1740,   1730,   1730,   1720,   1720,   1710,   1710,   1700,   1700,   1690,   1690,   1680,   1680,   1670,   1670,   1660,   1660,   1660,   1650,   1650,   1640,   1640,   1630,   1630,   1620,   1620,   1610,   1610
Yemen,   5490,   5490,   5490,   5490,   5490,   5490,   5490,   5490,   5490,   5490,   5490,   5490,   5490,   5490,   5490,   5490,   5490,   5490,   5490,   5490,   5490,   5490,   5490,   5490,   5490,   5490,   5490,   5490,   5490,   5490,   5490,   5490,   5490
South Africa, 181000, 181000, 181000, 180000, 180000, 180000, 179000, 179000, 179000, 178000, 178000, 177000, 177000, 177000, 176000, 176000, 176000, 175000, 175000, 175000, 174000, 174000, 173000, 173000, 173000, 172000, 172000, 172000, 171000, 171000, 171000, 170000, 170000
Zambia, 474000, 474000, 473000, 473000, 473000, 472000, 472000, 472000, 471000, 471000, 471000, 470000, 470000, 469000, 469000, 469000, 468000, 468000, 468000, 467000, 467000, 465000, 463000, 461000, 459000, 458000, 456000, 454000, 452000, 450000, 448000, 446000, 444000
Zimbabwe, 188000, 188000, 187000, 187000, 186000, 186000, 186000, 185000, 185000, 184000, 184000, 183000, 183000, 182000, 182000, 181000, 181000, 180000, 180000, 180000, 179000, 179000, 178000, 178000, 177000, 177000, 176000, 176000, 175000, 175000, 174000, 174000, 174000
